{
  "track_24h_km": 162.22862243652344,
  "track_48h_km": 182.75985717773438,
  "track_72h_km": 248.92422485351562,
  "wind_mae_kt": 7.436577320098877,
  "ri_f1": 0.0
}